strategy,family,score,dev_sharpe,holdout_sharpe,dev_cagr,holdout_cagr,max_drawdown,calmar,psr,annual_turnover,top_name_share,stability,degradation,fails_pre_ai_rally,stressed_sharpe,cost_fragile,verdict,tier,tier_reason
BuyAndHold(ticker=WDC),benchmark,4.976,0.35,2.16,0.0575,2.3882,-0.907,0.06,0.978,0.04,1.0,0.88,0.0,False,0.35274071097960763,False,benchmark,A,"complete adjusted histories; no revised-macro, earnings-event, or missing-span dependence"
BuyAndHold(ticker=GEV),benchmark,4.569,0.1,1.88,0.0254,1.4743,-0.138,0.18,0.993,0.04,1.0,1.0,0.0,False,0.10293851637077725,False,benchmark,A,"complete adjusted histories; no revised-macro, earnings-event, or missing-span dependence"
"TrendFollowCash(basket=target_holdings,fallback=IEF,rebalance=W-FRI,sma_window=200)",tsmom,4.362,1.05,1.32,0.2271,0.404,-0.309,0.73,1.0,7.96,0.16,0.75,0.0,False,1.0044551403720103,False,inconclusive,A,"complete adjusted histories; no revised-macro, earnings-event, or missing-span dependence"
"EqualWeightUniverse(basket=target_holdings,rebalance=ME)",benchmark,4.244,0.78,1.45,0.2538,0.6181,-0.743,0.34,1.0,3.07,0.14,0.62,0.0,False,0.7702505922765512,False,benchmark,A,"complete adjusted histories; no revised-macro, earnings-event, or missing-span dependence"
"XSMomentumTopN(basket=None,lookback_days=252,rebalance=ME,skip_days=21,top_n=3,weighting=equal)",xsmom,4.228,0.82,1.77,0.3361,1.5324,-0.805,0.42,1.0,10.83,0.1,0.62,0.0,False,0.7901792428756117,False,inconclusive,B,cross-sectional selection over a universe missing delisted names (current-constituent bias)
"XSRiskAdjMomentum(lookback_days=252,rebalance=ME,top_n=5)",xsmom,4.215,0.73,1.66,0.2516,1.2358,-0.751,0.34,1.0,10.82,0.07,0.62,0.0,False,0.6938930935472353,False,inconclusive,B,cross-sectional selection over a universe missing delisted names (current-constituent bias)
"VolTargetedBasket(basket=target_holdings,fallback=IEF,rebalance=W-FRI,target_vol=0.2,vol_window=63)",riskmanaged,4.193,0.93,1.31,0.2042,0.3561,-0.352,0.58,1.0,3.74,0.13,0.62,0.0,False,0.9092358000481136,False,inconclusive,A,"complete adjusted histories; no revised-macro, earnings-event, or missing-span dependence"
"EqualWeightUniverse(basket=ai_compute,rebalance=ME)",benchmark,4.184,0.72,1.41,0.2635,0.8719,-0.781,0.34,1.0,3.73,0.28,0.75,0.0,False,0.7073521260251132,False,benchmark,A,"complete adjusted histories; no revised-macro, earnings-event, or missing-span dependence"
SimpleMomentum12_1(top_n=5),benchmark,4.161,0.81,1.57,0.3026,1.2284,-0.752,0.4,1.0,10.29,0.08,0.62,0.0,False,0.7802349841535242,False,benchmark,A,"complete adjusted histories; no revised-macro, earnings-event, or missing-span dependence"
"InverseVolBasket(basket=target_holdings,rebalance=ME)",riskmanaged,4.115,0.77,1.41,0.2376,0.5415,-0.739,0.32,1.0,3.56,0.11,0.62,0.0,False,0.7551885700205909,False,inconclusive,A,"complete adjusted histories; no revised-macro, earnings-event, or missing-span dependence"
BuyAndHold(ticker=MU),benchmark,3.908,0.38,1.75,0.0786,1.8439,-0.983,0.08,0.984,0.04,1.0,0.62,0.0,False,0.38086001256655455,False,benchmark,A,"complete adjusted histories; no revised-macro, earnings-event, or missing-span dependence"
"XSMomentumTopN(basket=ai_broad,lookback_days=252,rebalance=ME,skip_days=21,top_n=10,weighting=equal)",xsmom,3.878,0.83,1.42,0.2851,0.9208,-0.604,0.47,1.0,8.85,0.08,0.75,0.0,False,0.7995286027483937,False,inconclusive,B,cross-sectional selection over a universe missing delisted names (current-constituent bias)
"RelativeStrengthVsBench(bench=QQQ,lookback_days=126,rebalance=ME,top_n=5)",xsmom,3.869,0.79,1.51,0.2829,1.1368,-0.791,0.36,1.0,12.22,0.11,0.62,0.0,False,0.7565828922529052,False,inconclusive,B,cross-sectional selection over a universe missing delisted names (current-constituent bias)
"XSMomentumTopN(basket=None,lookback_days=252,rebalance=ME,skip_days=21,top_n=8,weighting=equal)",xsmom,3.866,0.78,1.48,0.2735,1.0375,-0.631,0.43,1.0,9.9,0.07,0.75,0.0,False,0.7447137509098388,False,inconclusive,B,cross-sectional selection over a universe missing delisted names (current-constituent bias)
"EqualWeightUniverse(basket=ai_broad,rebalance=QE)",benchmark,3.854,0.79,1.17,0.2417,0.4286,-0.665,0.36,1.0,1.62,0.04,0.62,0.0,False,0.7810966246691602,False,benchmark,A,"complete adjusted histories; no revised-macro, earnings-event, or missing-span dependence"
BuyAndHold(ticker=RHT),benchmark,3.846,0.36,1.69,0.08,0.0434,-0.979,0.08,0.982,0.07,1.0,0.88,0.0,False,0.3554793676130836,False,benchmark,A,"complete adjusted histories; no revised-macro, earnings-event, or missing-span dependence"
"XSMomentumTopN(basket=None,lookback_days=126,rebalance=ME,skip_days=21,top_n=5,weighting=inverse_vol)",xsmom,3.843,0.78,1.64,0.279,1.1974,-0.876,0.32,1.0,14.92,0.08,0.62,0.0,False,0.7371536596727234,False,inconclusive,B,cross-sectional selection over a universe missing delisted names (current-constituent bias)
"FundamentalAcceleration(basket=None,rebalance=QE,require_positive_growth=True,top_n=8)",factor,3.84,0.57,1.25,0.1271,0.6062,-0.442,0.29,1.0,2.12,0.18,0.88,0.0,False,0.5633709028736359,False,inconclusive,B,"unrecognized family 'factor' — tier metadata missing, cannot verify Tier A data dependencies"
"EqualWeightUniverse(basket=ai_broad,rebalance=ME)",benchmark,3.834,0.77,1.18,0.2358,0.4296,-0.663,0.36,1.0,1.66,0.04,0.62,0.0,False,0.76169215278476,False,benchmark,A,"complete adjusted histories; no revised-macro, earnings-event, or missing-span dependence"
"XSMomentumTopN(basket=None,lookback_days=252,rebalance=ME,skip_days=21,top_n=5,weighting=equal)",xsmom,3.811,0.79,1.57,0.2949,1.2206,-0.758,0.39,1.0,10.36,0.08,0.62,0.0,False,0.7611166023516617,False,inconclusive,B,cross-sectional selection over a universe missing delisted names (current-constituent bias)
"XSMomentumTopN(basket=None,lookback_days=126,rebalance=ME,skip_days=21,top_n=3,weighting=equal)",xsmom,3.797,0.76,1.6,0.3003,1.2652,-0.839,0.36,1.0,14.68,0.1,0.62,0.0,False,0.7210101256072611,False,inconclusive,B,cross-sectional selection over a universe missing delisted names (current-constituent bias)
"XSMomentumTopN(basket=ai_broad,lookback_days=252,rebalance=ME,skip_days=21,top_n=20,weighting=equal)",xsmom,3.776,0.76,1.36,0.2395,0.7393,-0.594,0.4,1.0,7.15,0.07,0.75,0.0,False,0.7360237297501349,False,inconclusive,B,cross-sectional selection over a universe missing delisted names (current-constituent bias)
"EqualRiskContribution(basket=target_holdings,cov_window=252,max_weight=0.25,rebalance=ME)",allocation,3.772,0.71,1.31,0.2042,0.4038,-0.657,0.31,1.0,3.91,0.17,0.62,0.0,False,0.6943310503743596,False,inconclusive,B,"unrecognized family 'allocation' — tier metadata missing, cannot verify Tier A data dependencies"
"ResidualMomentum(basket=None,bench=QQQ,beta_window=252,lookback_days=252,rebalance=ME,skip_days=21,top_n=12)",factor,3.772,0.73,1.45,0.2088,0.7824,-0.578,0.36,1.0,7.51,0.05,0.75,0.0,False,0.6992341685961563,False,inconclusive,B,"unrecognized family 'factor' — tier metadata missing, cannot verify Tier A data dependencies"
"ResidualMomentum(basket=None,bench=QQQ,beta_window=252,lookback_days=252,rebalance=ME,skip_days=21,top_n=8)",factor,3.741,0.69,1.5,0.1983,0.9052,-0.605,0.33,1.0,8.55,0.07,0.75,0.0,False,0.6553504688438552,False,inconclusive,B,"unrecognized family 'factor' — tier metadata missing, cannot verify Tier A data dependencies"
"EqualWeightUniverse(basket=None,rebalance=ME)",benchmark,3.739,0.72,1.18,0.22,0.4273,-0.745,0.3,1.0,1.5,0.03,0.62,0.0,False,0.7167322424384682,False,benchmark,A,"complete adjusted histories; no revised-macro, earnings-event, or missing-span dependence"
"XSMomentumTopN(basket=None,lookback_days=126,rebalance=ME,skip_days=21,top_n=5,weighting=equal)",xsmom,3.737,0.8,1.57,0.3013,1.1334,-0.876,0.34,1.0,13.74,0.09,0.62,0.0,False,0.7697883207822023,False,inconclusive,B,cross-sectional selection over a universe missing delisted names (current-constituent bias)
"EqualWeightUniverse(basket=megacap_ai,rebalance=ME)",benchmark,3.732,0.93,0.99,0.3234,0.3304,-0.638,0.51,1.0,3.15,0.22,0.75,0.0,False,0.9228707274601734,False,benchmark,A,"complete adjusted histories; no revised-macro, earnings-event, or missing-span dependence"
"MultiHorizonMomentum(basket=None,horizons=63,126,252,min_agree=2,rebalance=ME,top_n=8,weighting=equal)",factor,3.699,0.8,1.53,0.2756,1.0605,-0.785,0.35,1.0,12.8,0.07,0.62,0.0,False,0.7502425704644838,False,inconclusive,B,"unrecognized family 'factor' — tier metadata missing, cannot verify Tier A data dependencies"
"TrendPlusVolTarget(basket=target_holdings,fallback=IEF,hysteresis=0.02,min_exposure=0.2,rebalance=W-FRI,target_vol=0.2,trend_window=200,vol_window=63)",riskmanaged,3.693,0.91,1.2,0.1771,0.3054,-0.308,0.57,1.0,4.89,0.12,0.75,0.0,False,0.8818658537559052,False,inconclusive,A,"complete adjusted histories; no revised-macro, earnings-event, or missing-span dependence"
"AbsoluteMomentum(basket=None,fallback=BIL,lookback_days=126,rebalance=ME)",tsmom,3.671,0.75,1.37,0.2231,0.5806,-0.776,0.29,1.0,7.53,0.06,0.62,0.0,False,0.7182779599832291,False,inconclusive,A,"complete adjusted histories; no revised-macro, earnings-event, or missing-span dependence"
"FundamentalAcceleration(basket=None,rebalance=QE,require_positive_growth=True,top_n=12)",factor,3.659,0.55,1.17,0.1202,0.4914,-0.442,0.27,1.0,2.0,0.2,0.88,0.0,False,0.5396475785372137,False,inconclusive,B,"unrecognized family 'factor' — tier metadata missing, cannot verify Tier A data dependencies"
"VolTargetedBasket(basket=megacap_ai,fallback=IEF,rebalance=ME,target_vol=0.15,vol_window=63)",riskmanaged,3.659,1.14,0.89,0.2078,0.1955,-0.299,0.69,1.0,3.54,0.2,0.88,0.25,False,1.1157510227192868,False,inconclusive,A,"complete adjusted histories; no revised-macro, earnings-event, or missing-span dependence"
BuyAndHold(ticker=CSCO),benchmark,3.651,0.33,1.64,0.0781,0.5903,-0.893,0.09,0.978,0.04,1.0,0.62,0.0,False,0.3322707750112788,False,benchmark,A,"complete adjusted histories; no revised-macro, earnings-event, or missing-span dependence"
"MultiHorizonMomentum(basket=None,horizons=63,126,252,min_agree=2,rebalance=ME,top_n=8,weighting=inverse_vol)",factor,3.642,0.76,1.52,0.2493,1.0173,-0.765,0.33,1.0,13.77,0.07,0.62,0.0,False,0.7081678588702668,False,inconclusive,B,"unrecognized family 'factor' — tier metadata missing, cannot verify Tier A data dependencies"
"InverseVolBasket(basket=ai_broad,rebalance=ME)",riskmanaged,3.61,0.75,1.1,0.2174,0.3637,-0.655,0.33,1.0,2.26,0.04,0.62,0.0,False,0.7409633228264557,False,inconclusive,A,"complete adjusted histories; no revised-macro, earnings-event, or missing-span dependence"
BuyAndHold(ticker=AVGO),benchmark,3.605,0.79,1.13,0.2159,0.6628,-0.483,0.45,1.0,0.04,1.0,0.88,0.0,False,0.7890436080000064,False,benchmark,A,"complete adjusted histories; no revised-macro, earnings-event, or missing-span dependence"
"TrendFollowCash(basket=None,fallback=IEF,rebalance=W-FRI,sma_window=250)",tsmom,3.604,0.82,1.09,0.1563,0.2601,-0.357,0.44,1.0,6.39,0.08,0.75,0.0,False,0.7744169684621008,False,inconclusive,A,"complete adjusted histories; no revised-macro, earnings-event, or missing-span dependence"
"XSMomentumTopN(basket=None,lookback_days=63,rebalance=ME,skip_days=21,top_n=8,weighting=equal)",xsmom,3.582,0.75,1.5,0.2593,0.9297,-0.763,0.34,1.0,17.66,0.05,0.62,0.0,False,0.6924051920999164,False,inconclusive,B,cross-sectional selection over a universe missing delisted names (current-constituent bias)
"DualMomentum(fallback=IEF,lookback_days=126)",tsmom,3.556,0.52,1.27,0.1217,0.5499,-0.372,0.33,0.999,7.63,0.49,0.62,0.0,False,0.4791311025994097,False,inconclusive,A,"complete adjusted histories; no revised-macro, earnings-event, or missing-span dependence"
"ThemeRotation(lookback_days=252,rebalance=ME,top_themes=3)",factor,3.548,0.63,1.34,0.1917,0.6785,-0.784,0.24,1.0,8.1,0.1,0.62,0.0,False,0.6063662913964809,False,inconclusive,B,"unrecognized family 'factor' — tier metadata missing, cannot verify Tier A data dependencies"
"XSMomentumTopN(basket=None,lookback_days=63,rebalance=ME,skip_days=21,top_n=5,weighting=equal)",xsmom,3.53,0.72,1.5,0.254,1.063,-0.803,0.32,1.0,18.83,0.07,0.62,0.0,False,0.6685374403370348,False,inconclusive,B,cross-sectional selection over a universe missing delisted names (current-constituent bias)
"MLRankStrategy(alpha=10.0,horizon=21,min_train_years=5,rebalance=ME,refit_months=12,top_n=6)",ml,3.529,0.68,1.48,0.1997,1.1156,-0.641,0.31,1.0,14.16,0.08,0.75,0.0,False,0.6318603718415187,False,inconclusive,B,cross-sectional selection over a universe missing delisted names (current-constituent bias)
"XSMomentumTopN(basket=target_holdings,lookback_days=126,rebalance=ME,skip_days=21,top_n=3,weighting=equal)",xsmom,3.524,0.66,1.57,0.2185,1.0882,-0.904,0.24,1.0,10.4,0.22,0.62,0.0,False,0.6220727560803135,False,inconclusive,B,cross-sectional selection over a universe missing delisted names (current-constituent bias)
"CapWeightUniverse(basket=ai_broad,max_weight=0.25,rebalance=QE)",benchmark,3.513,0.71,0.91,0.1405,0.267,-0.396,0.35,1.0,1.36,0.31,0.88,0.0,False,0.7031601471115239,False,benchmark,A,"complete adjusted histories; no revised-macro, earnings-event, or missing-span dependence"
"CapWeightUniverse(basket=None,max_weight=0.25,rebalance=QE)",benchmark,3.513,0.71,0.91,0.1405,0.267,-0.396,0.35,1.0,1.36,0.31,0.88,0.0,False,0.7031601471115239,False,benchmark,A,"complete adjusted histories; no revised-macro, earnings-event, or missing-span dependence"
"RegimeSwitchedTech(cut=0.2,fallback=IEF,flags=('qqq_below_200', 'vix_high', 'rates_rising', 'breadth_weak'),rebalance=W-FRI)",regime,3.49,0.78,1.15,0.1741,0.3609,-0.55,0.32,1.0,4.92,0.03,0.62,0.0,False,0.7490813553569003,False,inconclusive,B,"macro inputs are revised series, not real-time vintages"
"XSMomentumTopN(basket=None,lookback_days=63,rebalance=ME,skip_days=21,top_n=3,weighting=equal)",xsmom,3.485,0.63,1.54,0.2248,1.2273,-0.719,0.31,1.0,20.1,0.09,0.5,0.0,False,0.5852353685124934,False,inconclusive,B,cross-sectional selection over a universe missing delisted names (current-constituent bias)
"TrendFollowCash(basket=None,fallback=IEF,rebalance=W-FRI,sma_window=100)",tsmom,3.466,0.86,1.19,0.1655,0.2689,-0.386,0.43,1.0,10.08,0.09,0.62,0.0,False,0.7927057219299286,False,inconclusive,A,"complete adjusted histories; no revised-macro, earnings-event, or missing-span dependence"
"VolTargetedBasket(basket=megacap_ai,fallback=IEF,rebalance=ME,target_vol=0.2,vol_window=63)",riskmanaged,3.451,1.11,0.87,0.2533,0.2292,-0.34,0.75,1.0,3.71,0.2,0.75,0.24,False,1.0877837513288668,False,inconclusive,A,"complete adjusted histories; no revised-macro, earnings-event, or missing-span dependence"
BuyAndHold(ticker=PWR),benchmark,3.416,0.49,1.28,0.1415,0.6309,-0.971,0.15,0.996,0.04,1.0,0.88,0.0,False,0.49120701982061293,False,benchmark,A,"complete adjusted histories; no revised-macro, earnings-event, or missing-span dependence"
"VolTargetedBasket(basket=megacap_ai,fallback=IEF,rebalance=ME,target_vol=0.25,vol_window=63)",riskmanaged,3.407,1.07,0.87,0.2789,0.2592,-0.41,0.68,1.0,3.49,0.21,0.75,0.2,False,1.0546840692718291,False,inconclusive,A,"complete adjusted histories; no revised-macro, earnings-event, or missing-span dependence"
"DualMomentum(fallback=IEF,lookback_days=63)",tsmom,3.404,0.47,1.33,0.1057,0.5658,-0.514,0.21,0.998,9.04,0.63,0.75,0.0,False,0.4181794811032075,False,inconclusive,A,"complete adjusted histories; no revised-macro, earnings-event, or missing-span dependence"
"ResidualMomentum(basket=None,bench=QQQ,beta_window=252,lookback_days=126,rebalance=ME,skip_days=21,top_n=8)",factor,3.391,0.54,1.6,0.1529,0.9632,-0.838,0.18,0.999,11.93,0.06,0.62,0.0,False,0.5019876591314673,False,inconclusive,B,"unrecognized family 'factor' — tier metadata missing, cannot verify Tier A data dependencies"
"ThemeRotation(lookback_days=252,rebalance=ME,top_themes=4)",factor,3.389,0.62,1.25,0.182,0.5797,-0.8,0.23,1.0,7.37,0.1,0.62,0.0,False,0.5932554695182808,False,inconclusive,B,"unrecognized family 'factor' — tier metadata missing, cannot verify Tier A data dependencies"
"LowVolatilityTech(basket=None,rebalance=ME,top_n=10,trend_filter=True,vol_window=126)",factor,3.383,0.59,1.43,0.1496,0.3937,-0.764,0.2,1.0,8.94,0.07,0.62,0.0,False,0.5539805547794078,False,inconclusive,B,"unrecognized family 'factor' — tier metadata missing, cannot verify Tier A data dependencies"
"TrendFollowCash(basket=ai_broad,fallback=IEF,rebalance=W-FRI,sma_window=200)",tsmom,3.379,0.93,1.01,0.1811,0.2402,-0.39,0.46,1.0,6.97,0.08,0.62,0.0,False,0.8827240767188289,False,inconclusive,A,"complete adjusted histories; no revised-macro, earnings-event, or missing-span dependence"
"TrendFollowCash(basket=None,fallback=IEF,rebalance=W-FRI,sma_window=200)",tsmom,3.377,0.9,1.01,0.1753,0.2375,-0.361,0.49,1.0,6.86,0.08,0.62,0.0,False,0.8571995135656233,False,inconclusive,A,"complete adjusted histories; no revised-macro, earnings-event, or missing-span dependence"
BuyAndHold(ticker=DELL),benchmark,3.372,0.38,1.32,0.0798,0.9628,-0.587,0.14,0.995,0.04,1.0,0.88,0.0,False,0.38276977483445823,False,benchmark,A,"complete adjusted histories; no revised-macro, earnings-event, or missing-span dependence"
"MultiHorizonMomentum(basket=None,horizons=63,126,252,min_agree=3,rebalance=ME,top_n=5,weighting=equal)",factor,3.365,0.8,1.36,0.283,0.9352,-0.81,0.35,1.0,14.25,0.09,0.62,0.0,False,0.7502060999422865,False,inconclusive,B,"unrecognized family 'factor' — tier metadata missing, cannot verify Tier A data dependencies"
"RelativeStrengthVsBench(bench=QQQ,lookback_days=126,rebalance=ME,top_n=8)",xsmom,3.363,0.81,1.25,0.2742,0.7646,-0.79,0.35,1.0,11.07,0.08,0.62,0.0,False,0.7767797385232417,False,inconclusive,B,cross-sectional selection over a universe missing delisted names (current-constituent bias)
"RegimeSwitchedTech(cut=0.25,fallback=IEF,flags=('qqq_below_200', 'vix_high', 'rates_rising', 'breadth_weak'),rebalance=W-FRI)",regime,3.362,0.77,1.12,0.1601,0.34,-0.509,0.31,1.0,5.76,0.03,0.62,0.0,False,0.733685979506022,False,inconclusive,B,"macro inputs are revised series, not real-time vintages"
"TrendFollowCash(basket=None,fallback=IEF,rebalance=W-FRI,sma_window=150)",tsmom,3.352,0.89,1.04,0.1738,0.2414,-0.363,0.48,1.0,8.08,0.09,0.62,0.0,False,0.841418741522289,False,inconclusive,A,"complete adjusted histories; no revised-macro, earnings-event, or missing-span dependence"
BuyAndHold(ticker=GOOGL),benchmark,3.352,0.68,1.2,0.1817,0.4521,-0.653,0.28,1.0,0.04,1.0,0.75,0.0,False,0.6835288411122685,False,benchmark,A,"complete adjusted histories; no revised-macro, earnings-event, or missing-span dependence"
"AbsoluteMomentum(basket=None,fallback=BIL,lookback_days=252,rebalance=ME)",tsmom,3.349,0.68,1.15,0.2033,0.4464,-0.662,0.31,1.0,5.77,0.05,0.62,0.0,False,0.664564682630276,False,inconclusive,A,"complete adjusted histories; no revised-macro, earnings-event, or missing-span dependence"
"InverseVolBasket(basket=megacap_ai,rebalance=ME)",riskmanaged,3.338,0.86,0.94,0.2717,0.2838,-0.658,0.41,1.0,3.56,0.22,0.62,0.0,False,0.8463458288808482,False,inconclusive,A,"complete adjusted histories; no revised-macro, earnings-event, or missing-span dependence"
"VolTargetedBasket(basket=megacap_ai,fallback=IEF,rebalance=ME,target_vol=0.25,vol_window=21)",riskmanaged,3.334,1.13,0.89,0.2937,0.2536,-0.466,0.63,1.0,4.58,0.21,0.75,0.24,False,1.107023188866397,False,inconclusive,A,"complete adjusted histories; no revised-macro, earnings-event, or missing-span dependence"
"ThemeRotation(lookback_days=252,rebalance=ME,top_themes=2)",factor,3.324,0.59,1.3,0.1793,0.6727,-0.826,0.22,1.0,9.08,0.11,0.62,0.0,False,0.5580936879691335,False,inconclusive,B,"unrecognized family 'factor' — tier metadata missing, cannot verify Tier A data dependencies"
BuyAndHold(ticker=TSM),benchmark,3.292,0.49,1.28,0.1495,0.6383,-0.891,0.17,0.997,0.04,1.0,0.75,0.0,False,0.4896458329376467,False,benchmark,A,"complete adjusted histories; no revised-macro, earnings-event, or missing-span dependence"
"XSMomentumTopN(basket=target_holdings,lookback_days=126,rebalance=ME,skip_days=21,top_n=5,weighting=equal)",xsmom,3.273,0.71,1.4,0.229,0.8204,-0.883,0.26,1.0,9.74,0.17,0.62,0.0,False,0.6759396537873514,False,inconclusive,B,cross-sectional selection over a universe missing delisted names (current-constituent bias)
"EqualRiskContribution(basket=megacap_ai,cov_window=252,max_weight=0.25,rebalance=ME)",allocation,3.273,0.88,0.86,0.2825,0.2372,-0.634,0.45,1.0,3.34,0.25,0.75,0.02,False,0.865417391184087,False,inconclusive,B,"unrecognized family 'allocation' — tier metadata missing, cannot verify Tier A data dependencies"
"MultiHorizonMomentum(basket=None,horizons=63,126,252,min_agree=3,rebalance=ME,top_n=8,weighting=equal)",factor,3.255,0.82,1.29,0.2796,0.7955,-0.789,0.35,1.0,14.02,0.08,0.62,0.0,False,0.773091168306427,False,inconclusive,B,"unrecognized family 'factor' — tier metadata missing, cannot verify Tier A data dependencies"
BuyAndHold(ticker=CRWD),benchmark,3.249,0.3,1.41,0.0674,0.8084,-0.677,0.1,0.976,0.04,1.0,0.75,0.0,False,0.3017207152730176,False,benchmark,A,"complete adjusted histories; no revised-macro, earnings-event, or missing-span dependence"
"EqualRiskContribution(basket=megacap_ai,cov_window=126,max_weight=0.25,rebalance=ME)",allocation,3.249,0.83,0.89,0.2632,0.2483,-0.634,0.42,1.0,4.03,0.25,0.75,0.0,False,0.8166193773729692,False,inconclusive,B,"unrecognized family 'allocation' — tier metadata missing, cannot verify Tier A data dependencies"
"ThemeRotation(lookback_days=126,rebalance=ME,top_themes=2)",factor,3.241,0.59,1.29,0.1789,0.6375,-0.831,0.22,1.0,12.1,0.1,0.62,0.0,False,0.5523907821989786,False,rejected,B,"unrecognized family 'factor' — tier metadata missing, cannot verify Tier A data dependencies"
"VolTargetedBasket(basket=megacap_ai,fallback=IEF,rebalance=W-FRI,target_vol=0.2,vol_window=63)",riskmanaged,3.23,1.15,0.8,0.2586,0.2087,-0.348,0.74,1.0,3.97,0.2,0.75,0.34,False,1.1241630909479523,False,rejected,A,"complete adjusted histories; no revised-macro, earnings-event, or missing-span dependence"
"VolTargetedBasket(basket=megacap_ai,fallback=IEF,rebalance=W-FRI,target_vol=0.25,vol_window=63)",riskmanaged,3.23,1.1,0.82,0.2848,0.2379,-0.425,0.67,1.0,3.57,0.21,0.75,0.29,False,1.0879043648100382,False,rejected,A,"complete adjusted histories; no revised-macro, earnings-event, or missing-span dependence"
"ResidualMomentum(basket=None,bench=QQQ,beta_window=252,lookback_days=126,rebalance=ME,skip_days=21,top_n=12)",factor,3.23,0.54,1.5,0.1503,0.8179,-0.791,0.19,0.999,10.47,0.05,0.62,0.0,False,0.5062016993245283,False,rejected,B,"unrecognized family 'factor' — tier metadata missing, cannot verify Tier A data dependencies"
BuyAndHold(ticker=NET),benchmark,3.227,0.31,1.37,0.0721,0.9165,-0.826,0.09,0.976,0.04,1.0,0.88,0.0,False,0.3119007936392716,False,benchmark,A,"complete adjusted histories; no revised-macro, earnings-event, or missing-span dependence"
BuyAndHold(ticker=PLTR),benchmark,3.197,0.26,1.46,0.0562,1.1616,-0.846,0.07,0.961,0.04,1.0,0.75,0.0,False,0.25733294954016606,False,benchmark,A,"complete adjusted histories; no revised-macro, earnings-event, or missing-span dependence"
"ShortTermReversal(lookback_days=5,rebalance=W-FRI,top_n=5,trend_window=200)",meanrev,3.185,0.63,1.27,0.1941,0.6564,-0.79,0.25,1.0,83.66,0.07,0.62,0.0,False,0.36033107404943754,False,rejected,B,cross-sectional selection over a universe missing delisted names (current-constituent bias)
"XSRiskAdjMomentum(lookback_days=126,rebalance=ME,top_n=5)",xsmom,3.183,0.76,1.17,0.2619,0.6627,-0.882,0.3,1.0,15.08,0.08,0.62,0.0,False,0.7041181999222078,False,rejected,B,cross-sectional selection over a universe missing delisted names (current-constituent bias)
"VolTargetedBasket(basket=megacap_ai,fallback=IEF,rebalance=ME,target_vol=0.2,vol_window=21)",riskmanaged,3.18,1.16,0.83,0.2659,0.2134,-0.394,0.67,1.0,5.22,0.2,0.75,0.33,False,1.1316176168164993,False,rejected,A,"complete adjusted histories; no revised-macro, earnings-event, or missing-span dependence"
"XSMomentumTopN(basket=target_holdings,lookback_days=126,rebalance=ME,skip_days=21,top_n=8,weighting=equal)",xsmom,3.18,0.65,1.36,0.1986,0.7073,-0.883,0.22,1.0,8.82,0.18,0.62,0.0,False,0.6261211539527486,False,rejected,B,cross-sectional selection over a universe missing delisted names (current-constituent bias)
"ThemeRotation(lookback_days=126,rebalance=ME,top_themes=4)",factor,3.172,0.64,1.18,0.1875,0.5088,-0.778,0.24,1.0,9.11,0.09,0.62,0.0,False,0.610784927560915,False,rejected,B,"unrecognized family 'factor' — tier metadata missing, cannot verify Tier A data dependencies"
"VolTargetedBasket(basket=megacap_ai,fallback=IEF,rebalance=W-FRI,target_vol=0.2,vol_window=21)",riskmanaged,3.171,1.18,0.84,0.2675,0.2116,-0.36,0.74,1.0,6.68,0.2,0.75,0.34,False,1.142294785071432,False,rejected,A,"complete adjusted histories; no revised-macro, earnings-event, or missing-span dependence"
"CapWeightUniverse(basket=target_holdings,max_weight=0.25,rebalance=QE)",benchmark,3.166,0.37,0.98,0.0643,0.3016,-0.496,0.13,0.996,0.71,0.21,0.88,0.0,False,0.362985942947194,False,benchmark,A,"complete adjusted histories; no revised-macro, earnings-event, or missing-span dependence"
"VolTargetedBasket(basket=megacap_ai,fallback=IEF,rebalance=W-FRI,target_vol=0.15,vol_window=63)",riskmanaged,3.154,1.18,0.78,0.2118,0.169,-0.306,0.69,1.0,3.91,0.2,0.75,0.4,False,1.1537884004734504,False,rejected,A,"complete adjusted histories; no revised-macro, earnings-event, or missing-span dependence"
"VolTargetedBasket(basket=megacap_ai,fallback=IEF,rebalance=W-FRI,target_vol=0.25,vol_window=21)",riskmanaged,3.14,1.13,0.84,0.2921,0.2331,-0.449,0.65,1.0,5.5,0.2,0.75,0.29,False,1.1046740821447347,False,rejected,A,"complete adjusted histories; no revised-macro, earnings-event, or missing-span dependence"
"InverseVolBasket(basket=semiconductors,rebalance=ME)",riskmanaged,3.129,0.61,0.98,0.1917,0.4299,-0.76,0.25,1.0,3.09,0.08,0.62,0.0,False,0.6046504153156081,False,rejected,A,"complete adjusted histories; no revised-macro, earnings-event, or missing-span dependence"
"DrawdownDeRisk(basket=megacap_ai,dd_full=-0.4,dd_start=-0.15,fallback=IEF,rebalance=W-FRI)",riskmanaged,3.123,0.99,0.9,0.2763,0.2724,-0.559,0.49,1.0,4.58,0.19,0.62,0.09,False,0.9710100200955283,False,rejected,A,"complete adjusted histories; no revised-macro, earnings-event, or missing-span dependence"
"XSMomentumTopN(basket=ai_broad,lookback_days=126,rebalance=ME,skip_days=21,top_n=20,weighting=equal)",xsmom,3.114,0.74,1.25,0.2299,0.64,-0.789,0.29,1.0,9.38,0.07,0.62,0.0,False,0.7068958322478048,False,rejected,B,cross-sectional selection over a universe missing delisted names (current-constituent bias)
BuyAndHold(ticker=AMD),benchmark,3.064,0.44,1.23,0.1052,0.8553,-0.966,0.11,0.993,0.04,1.0,0.75,0.0,False,0.43890030088858906,False,benchmark,A,"complete adjusted histories; no revised-macro, earnings-event, or missing-span dependence"
"EqualRiskContribution(basket=ai_broad,cov_window=252,max_weight=0.25,rebalance=ME)",allocation,3.063,0.75,0.84,0.1749,0.2076,-0.541,0.32,1.0,4.13,0.12,0.75,0.0,False,0.7280513505686212,False,rejected,B,"unrecognized family 'allocation' — tier metadata missing, cannot verify Tier A data dependencies"
"MultiHorizonMomentum(basket=None,horizons=63,126,252,min_agree=3,rebalance=ME,top_n=12,weighting=equal)",factor,3.058,0.8,1.2,0.2585,0.6497,-0.778,0.33,1.0,13.38,0.07,0.62,0.0,False,0.7514620097508161,False,rejected,B,"unrecognized family 'factor' — tier metadata missing, cannot verify Tier A data dependencies"
"RegimeSwitchedTech(cut=0.34,fallback=IEF,flags=('qqq_below_200', 'vix_high', 'rates_rising', 'breadth_weak'),rebalance=W-FRI)",regime,3.057,0.71,1.03,0.1364,0.3038,-0.492,0.28,1.0,6.81,0.06,0.62,0.0,False,0.6659806725456927,False,rejected,B,"macro inputs are revised series, not real-time vintages"
BuyAndHold(ticker=PANW),benchmark,3.055,0.52,1.03,0.1317,0.4461,-0.48,0.27,0.999,0.04,1.0,0.88,0.0,False,0.5227314333007678,False,benchmark,A,"complete adjusted histories; no revised-macro, earnings-event, or missing-span dependence"
"BreadthGatedBasket(basket=ai_broad,breadth_window=200,fallback=IEF,min_exposure=0.0,rebalance=W-FRI,smooth_days=21,threshold=0.4)",factor,3.052,0.85,0.9,0.2067,0.267,-0.368,0.56,1.0,3.84,0.05,0.62,0.0,False,0.8315790759439455,False,rejected,B,"unrecognized family 'factor' — tier metadata missing, cannot verify Tier A data dependencies"
"DrawdownDeRisk(basket=megacap_ai,dd_full=-0.4,dd_start=-0.1,fallback=IEF,rebalance=W-FRI)",riskmanaged,3.021,1.02,0.87,0.2727,0.2511,-0.523,0.52,1.0,4.91,0.2,0.62,0.15,False,0.9940178440834417,False,rejected,A,"complete adjusted histories; no revised-macro, earnings-event, or missing-span dependence"
"VolTargetedBasket(basket=megacap_ai,fallback=IEF,rebalance=W-FRI,target_vol=0.15,vol_window=21)",riskmanaged,3.011,1.21,0.79,0.2223,0.1705,-0.294,0.76,1.0,7.36,0.19,0.75,0.42,False,1.1587152185280098,False,rejected,A,"complete adjusted histories; no revised-macro, earnings-event, or missing-span dependence"
BuyAndHold(ticker=ATVI),benchmark,2.994,0.56,0.94,0.18,0.0434,-0.681,0.26,0.999,0.07,1.0,0.88,0.0,False,0.5561646971201482,False,benchmark,A,"complete adjusted histories; no revised-macro, earnings-event, or missing-span dependence"
"CapWeightUniverse(basket=megacap_ai,max_weight=0.25,rebalance=QE)",benchmark,2.986,0.42,0.84,0.0713,0.2439,-0.448,0.16,0.998,0.7,0.25,0.88,0.0,False,0.4148260536950243,False,benchmark,A,"complete adjusted histories; no revised-macro, earnings-event, or missing-span dependence"
BuyAndHold(ticker=VRT),benchmark,2.982,0.37,1.17,0.0831,0.8218,-0.713,0.12,0.989,0.04,1.0,0.88,0.0,False,0.36916144812982943,False,benchmark,A,"complete adjusted histories; no revised-macro, earnings-event, or missing-span dependence"
"XSMomentumTopN(basket=None,lookback_days=126,rebalance=ME,skip_days=21,top_n=8,weighting=equal)",xsmom,2.981,0.76,1.22,0.2622,0.7409,-0.853,0.31,1.0,12.63,0.06,0.62,0.0,False,0.7147328687878832,False,rejected,B,cross-sectional selection over a universe missing delisted names (current-constituent bias)
"LowVolatilityTech(basket=None,rebalance=ME,top_n=20,trend_filter=True,vol_window=126)",factor,2.944,0.68,1.1,0.1832,0.3373,-0.73,0.25,1.0,7.8,0.06,0.62,0.0,False,0.6471635611076785,False,rejected,B,"unrecognized family 'factor' — tier metadata missing, cannot verify Tier A data dependencies"
BuyAndHold(ticker=ANET),benchmark,2.926,0.55,0.97,0.1404,0.5225,-0.522,0.27,0.999,0.04,1.0,0.88,0.0,False,0.5451364857126239,False,benchmark,A,"complete adjusted histories; no revised-macro, earnings-event, or missing-span dependence"
"VolTargetedBasket(basket=megacap_ai,fallback=IEF,rebalance=ME,target_vol=0.15,vol_window=21)",riskmanaged,2.905,1.18,0.72,0.2193,0.1635,-0.302,0.73,1.0,5.53,0.2,0.75,0.45,False,1.1375499803367346,False,rejected,A,"complete adjusted histories; no revised-macro, earnings-event, or missing-span dependence"
"MinCorrelationSleeve(basket=None,corr_window=252,rebalance=QE,top_n=15)",allocation,2.895,1.03,0.7,0.3184,0.2393,-0.628,0.51,1.0,4.84,0.06,0.88,0.33,False,1.0095415466725004,False,rejected,B,"unrecognized family 'allocation' — tier metadata missing, cannot verify Tier A data dependencies"
BuyAndHold(ticker=KLAC),benchmark,2.893,0.53,1.03,0.1731,0.5648,-0.838,0.21,0.998,0.04,1.0,0.75,0.0,False,0.5282709144499786,False,benchmark,A,"complete adjusted histories; no revised-macro, earnings-event, or missing-span dependence"
"XSMomentumTopN(basket=ai_broad,lookback_days=126,rebalance=ME,skip_days=21,top_n=10,weighting=equal)",xsmom,2.892,0.81,1.13,0.2725,0.622,-0.812,0.34,1.0,11.09,0.09,0.62,0.0,False,0.7710762435467091,False,rejected,B,cross-sectional selection over a universe missing delisted names (current-constituent bias)
"EqualRiskContribution(basket=target_holdings,cov_window=126,max_weight=0.25,rebalance=ME)",allocation,2.889,0.73,0.89,0.211,0.2616,-0.641,0.33,1.0,5.05,0.17,0.62,0.0,False,0.7065131720709306,False,rejected,B,"unrecognized family 'allocation' — tier metadata missing, cannot verify Tier A data dependencies"
BuyAndHold(ticker=HPE),benchmark,2.871,0.27,1.14,0.0568,0.6266,-0.569,0.1,0.974,0.04,1.0,0.88,0.0,False,0.2738710036595988,False,benchmark,A,"complete adjusted histories; no revised-macro, earnings-event, or missing-span dependence"
"EqualRiskContribution(basket=ai_broad,cov_window=126,max_weight=0.25,rebalance=ME)",allocation,2.853,0.79,0.84,0.1877,0.2091,-0.572,0.33,1.0,5.98,0.11,0.62,0.0,False,0.7616500154698359,False,rejected,B,"unrecognized family 'allocation' — tier metadata missing, cannot verify Tier A data dependencies"
"SemisLeadership(fallback=IEF,lookback_days=126)",regime,2.848,0.55,0.79,0.1169,0.2911,-0.348,0.34,1.0,4.68,0.61,0.75,0.0,False,0.5242271133346277,False,rejected,B,"macro inputs are revised series, not real-time vintages"
"TrendPlusVolTarget(basket=megacap_ai,fallback=IEF,hysteresis=0.0,min_exposure=0.2,rebalance=W-FRI,target_vol=0.2,trend_window=200,vol_window=63)",riskmanaged,2.839,1.18,0.76,0.2327,0.1811,-0.293,0.79,1.0,6.08,0.2,0.88,0.42,False,1.1343268731828666,False,rejected,A,"complete adjusted histories; no revised-macro, earnings-event, or missing-span dependence"
BuyAndHold(ticker=APP),benchmark,2.834,0.13,1.36,0.0225,1.3015,-0.919,0.02,0.867,0.04,1.0,0.88,0.0,False,0.1297768733730899,False,benchmark,A,"complete adjusted histories; no revised-macro, earnings-event, or missing-span dependence"
"DrawdownDeRisk(basket=megacap_ai,dd_full=-0.3,dd_start=-0.15,fallback=IEF,rebalance=W-FRI)",riskmanaged,2.8,0.98,0.8,0.2651,0.2338,-0.559,0.47,1.0,4.9,0.2,0.62,0.18,False,0.9577809634112323,False,rejected,A,"complete adjusted histories; no revised-macro, earnings-event, or missing-span dependence"
BuyAndHold(ticker=NVDA),benchmark,2.794,0.76,0.85,0.3456,0.3926,-0.897,0.39,1.0,0.04,1.0,0.75,0.0,False,0.7620790536623332,False,benchmark,A,"complete adjusted histories; no revised-macro, earnings-event, or missing-span dependence"
BuyAndHold(ticker=CIBR),benchmark,2.787,0.32,0.99,0.0564,0.2978,-0.339,0.17,0.992,0.04,1.0,0.88,0.0,False,0.32073815391593025,False,benchmark,A,"complete adjusted histories; no revised-macro, earnings-event, or missing-span dependence"
BuyAndHold(ticker=SOXX),benchmark,2.781,0.41,1.09,0.1026,0.5225,-0.702,0.15,0.993,0.04,1.0,0.62,0.0,False,0.4060182910891043,False,benchmark,A,"complete adjusted histories; no revised-macro, earnings-event, or missing-span dependence"
BuyAndHold(ticker=SMH),benchmark,2.763,0.33,1.18,0.0773,0.5409,-0.85,0.09,0.978,0.04,1.0,0.62,0.0,False,0.3276372078760512,False,benchmark,A,"complete adjusted histories; no revised-macro, earnings-event, or missing-span dependence"
"TrendPlusVolTarget(basket=megacap_ai,fallback=IEF,hysteresis=0.0,min_exposure=0.2,rebalance=W-FRI,target_vol=0.15,trend_window=200,vol_window=63)",riskmanaged,2.747,1.19,0.73,0.1911,0.1472,-0.267,0.72,1.0,5.44,0.19,0.88,0.46,False,1.1443486899848647,False,rejected,A,"complete adjusted histories; no revised-macro, earnings-event, or missing-span dependence"
"SemisLeadership(fallback=IEF,lookback_days=63)",regime,2.691,0.5,0.84,0.1025,0.3062,-0.367,0.28,0.999,6.85,0.64,0.75,0.0,False,0.4576335084423568,False,rejected,B,"macro inputs are revised series, not real-time vintages"
BuyAndHold(ticker=VST),benchmark,2.67,0.41,0.88,0.0845,0.4747,-0.533,0.16,0.995,0.05,1.0,1.0,0.0,False,0.4121224518950675,False,benchmark,A,"complete adjusted histories; no revised-macro, earnings-event, or missing-span dependence"
"DrawdownDeRisk(basket=megacap_ai,dd_full=-0.3,dd_start=-0.1,fallback=IEF,rebalance=W-FRI)",riskmanaged,2.667,1.01,0.76,0.2616,0.2111,-0.512,0.51,1.0,5.34,0.2,0.62,0.26,False,0.987435347004616,False,rejected,A,"complete adjusted histories; no revised-macro, earnings-event, or missing-span dependence"
BuyAndHold(ticker=VGT),benchmark,2.663,0.53,0.93,0.1118,0.2907,-0.547,0.2,0.999,0.04,1.0,0.75,0.0,False,0.5339164246685034,False,benchmark,A,"complete adjusted histories; no revised-macro, earnings-event, or missing-span dependence"
"ThemeRotation(lookback_days=126,rebalance=ME,top_themes=3)",factor,2.655,0.6,0.98,0.1765,0.4138,-0.796,0.22,1.0,9.93,0.09,0.62,0.0,False,0.5701828274966947,False,rejected,B,"unrecognized family 'factor' — tier metadata missing, cannot verify Tier A data dependencies"
"BreadthGatedBasket(basket=ai_broad,breadth_window=200,fallback=IEF,min_exposure=0.0,rebalance=W-FRI,smooth_days=21,threshold=0.5)",factor,2.634,0.87,0.65,0.2025,0.1843,-0.352,0.57,1.0,3.93,0.07,0.88,0.23,False,0.8515156793082725,False,rejected,B,"unrecognized family 'factor' — tier metadata missing, cannot verify Tier A data dependencies"
BuyAndHold(ticker=MRVL),benchmark,2.623,0.35,1.05,0.068,0.7335,-0.916,0.07,0.977,0.04,1.0,0.75,0.0,False,0.34687055605235184,False,benchmark,A,"complete adjusted histories; no revised-macro, earnings-event, or missing-span dependence"
"BreadthGatedBasket(basket=megacap_ai,breadth_window=200,fallback=IEF,min_exposure=0.0,rebalance=W-FRI,smooth_days=21,threshold=0.5)",factor,2.622,1.08,0.62,0.2912,0.1686,-0.356,0.82,1.0,4.95,0.22,0.88,0.46,False,1.0596076407883077,False,rejected,B,"unrecognized family 'factor' — tier metadata missing, cannot verify Tier A data dependencies"
"TrendFollowCash(basket=megacap_ai,fallback=BIL,rebalance=W-FRI,sma_window=200)",tsmom,2.608,1.16,0.57,0.285,0.1457,-0.294,0.97,1.0,6.69,0.26,0.75,0.59,False,1.1214019919684406,False,rejected,A,"complete adjusted histories; no revised-macro, earnings-event, or missing-span dependence"
"TrendPlusVolTarget(basket=megacap_ai,fallback=IEF,hysteresis=0.0,min_exposure=0.2,rebalance=W-FRI,target_vol=0.2,trend_window=150,vol_window=63)",riskmanaged,2.596,1.17,0.7,0.2287,0.1655,-0.3,0.76,1.0,6.51,0.2,0.88,0.47,False,1.1204237997756248,False,rejected,A,"complete adjusted histories; no revised-macro, earnings-event, or missing-span dependence"
"TrendPlusVolTarget(basket=megacap_ai,fallback=IEF,hysteresis=0.0,min_exposure=0.2,rebalance=W-FRI,target_vol=0.15,trend_window=150,vol_window=63)",riskmanaged,2.514,1.18,0.66,0.1882,0.135,-0.273,0.69,1.0,5.75,0.19,0.88,0.52,False,1.131087596401441,False,rejected,A,"complete adjusted histories; no revised-macro, earnings-event, or missing-span dependence"
"MinCorrelationSleeve(basket=None,corr_window=252,rebalance=QE,top_n=10)",allocation,2.484,1.05,0.58,0.3354,0.1912,-0.649,0.52,1.0,5.63,0.08,0.88,0.47,False,1.025589542374396,False,rejected,B,"unrecognized family 'allocation' — tier metadata missing, cannot verify Tier A data dependencies"
"QualityGrowth(rebalance=QE,top_n=5,w_accel=0.3,w_growth=0.4,w_margin=0.3)",fundamental,2.462,0.24,0.86,0.0401,0.2393,-0.464,0.09,0.988,0.54,0.63,0.88,0.0,False,0.2346423617317945,False,rejected,B,fundamental data quality not yet independently audited
"QualityGrowth(rebalance=QE,top_n=8,w_accel=0.3,w_growth=0.4,w_margin=0.3)",fundamental,2.462,0.24,0.86,0.0401,0.2393,-0.464,0.09,0.988,0.54,0.63,0.88,0.0,False,0.2346423617317945,False,rejected,B,fundamental data quality not yet independently audited
BuyAndHold(ticker=ASML),benchmark,2.459,0.58,0.86,0.2035,0.3909,-0.9,0.23,0.999,0.04,1.0,0.62,0.0,False,0.5828580086346606,False,benchmark,A,"complete adjusted histories; no revised-macro, earnings-event, or missing-span dependence"
"TrendPlusVolTarget(basket=megacap_ai,fallback=IEF,hysteresis=0.02,min_exposure=0.2,rebalance=W-FRI,target_vol=0.2,trend_window=200,vol_window=63)",riskmanaged,2.453,1.16,0.62,0.2304,0.1521,-0.293,0.79,1.0,5.16,0.2,0.88,0.55,False,1.1280740693241231,False,rejected,A,"complete adjusted histories; no revised-macro, earnings-event, or missing-span dependence"
"LowVolatilityTech(basket=None,rebalance=ME,top_n=20,trend_filter=False,vol_window=126)",factor,2.448,0.65,0.75,0.1711,0.1979,-0.713,0.24,1.0,3.85,0.06,0.62,0.0,False,0.6307237428545907,False,rejected,B,"unrecognized family 'factor' — tier metadata missing, cannot verify Tier A data dependencies"
BuyAndHold(ticker=DDOG),benchmark,2.435,0.27,0.96,0.0593,0.5291,-0.681,0.09,0.966,0.04,1.0,0.88,0.0,False,0.27045735555017747,False,benchmark,A,"complete adjusted histories; no revised-macro, earnings-event, or missing-span dependence"
"TrendPlusVolTarget(basket=megacap_ai,fallback=IEF,hysteresis=0.02,min_exposure=0.2,rebalance=W-FRI,target_vol=0.15,trend_window=200,vol_window=63)",riskmanaged,2.379,1.17,0.59,0.1892,0.1267,-0.267,0.71,1.0,4.75,0.19,0.88,0.58,False,1.1362745254409454,False,rejected,A,"complete adjusted histories; no revised-macro, earnings-event, or missing-span dependence"
BuyAndHold(ticker=SPY),benchmark,2.372,0.41,0.85,0.0855,0.1879,-0.552,0.15,0.996,0.04,1.0,0.62,0.0,False,0.4122330093052374,False,benchmark,A,"complete adjusted histories; no revised-macro, earnings-event, or missing-span dependence"
"LowVolatilityTech(basket=None,rebalance=ME,top_n=10,trend_filter=False,vol_window=126)",factor,2.358,0.66,0.71,0.1631,0.1787,-0.58,0.28,1.0,5.39,0.06,0.62,0.0,False,0.6388598536540334,False,rejected,B,"unrecognized family 'factor' — tier metadata missing, cannot verify Tier A data dependencies"
BuyAndHold(ticker=XLK),benchmark,2.345,0.37,0.94,0.0857,0.3005,-0.821,0.1,0.99,0.04,1.0,0.62,0.0,False,0.3694875107043584,False,benchmark,A,"complete adjusted histories; no revised-macro, earnings-event, or missing-span dependence"
"DualMomentum(fallback=IEF,lookback_days=252)",tsmom,2.333,0.34,0.79,0.0755,0.3097,-0.459,0.16,0.986,5.58,0.58,0.62,0.0,False,0.3120136855790643,False,rejected,A,"complete adjusted histories; no revised-macro, earnings-event, or missing-span dependence"
"ValuationAwareGrowth(history_days=756,max_ps_own_pct=1.0,rebalance=QE,top_n=8)",fundamental,2.316,0.24,0.75,0.0404,0.2187,-0.464,0.09,0.987,0.66,0.65,0.88,0.0,False,0.2340936050302205,False,rejected,B,fundamental data quality not yet independently audited
BuyAndHold(ticker=SHOP),benchmark,2.316,0.49,0.8,0.1413,0.4071,-0.848,0.17,0.998,0.04,1.0,0.88,0.0,False,0.4942656465927476,False,benchmark,A,"complete adjusted histories; no revised-macro, earnings-event, or missing-span dependence"
BuyAndHold(ticker=AMZN),benchmark,2.31,0.69,0.63,0.2825,0.2227,-0.944,0.3,1.0,0.04,1.0,0.88,0.06,False,0.6858855918500636,False,benchmark,A,"complete adjusted histories; no revised-macro, earnings-event, or missing-span dependence"
BuyAndHold(ticker=MPWR),benchmark,2.307,0.6,0.75,0.1954,0.361,-0.723,0.27,1.0,0.04,1.0,0.75,0.0,False,0.5952840848340517,False,benchmark,A,"complete adjusted histories; no revised-macro, earnings-event, or missing-span dependence"
BuyAndHold(ticker=INTC),benchmark,2.303,0.24,1.06,0.0408,0.7368,-0.823,0.05,0.936,0.04,1.0,0.5,0.0,False,0.24197469478056854,False,benchmark,A,"complete adjusted histories; no revised-macro, earnings-event, or missing-span dependence"
BuyAndHold(ticker=ADI),benchmark,2.3,0.45,0.76,0.1301,0.299,-0.829,0.16,0.995,0.04,1.0,0.75,0.0,False,0.4504599686986235,False,benchmark,A,"complete adjusted histories; no revised-macro, earnings-event, or missing-span dependence"
BuyAndHold(ticker=CEG),benchmark,2.297,0.4,0.61,0.0641,0.2557,-0.269,0.24,0.999,0.04,1.0,1.0,0.0,False,0.40078965924835275,False,benchmark,A,"complete adjusted histories; no revised-macro, earnings-event, or missing-span dependence"
BuyAndHold(ticker=SKYY),benchmark,2.233,0.39,0.73,0.0755,0.2402,-0.532,0.14,0.996,0.04,1.0,0.88,0.0,False,0.39228083517817364,False,benchmark,A,"complete adjusted histories; no revised-macro, earnings-event, or missing-span dependence"
BuyAndHold(ticker=QQQ),benchmark,2.208,0.39,0.86,0.0942,0.2328,-0.83,0.11,0.992,0.04,1.0,0.62,0.0,False,0.39366560127983147,False,benchmark,A,"complete adjusted histories; no revised-macro, earnings-event, or missing-span dependence"
BuyAndHold(ticker=ARM),benchmark,2.152,0.22,0.71,0.0448,0.343,-0.415,0.11,0.98,0.04,1.0,1.0,0.0,False,0.2163176267607541,False,benchmark,A,"complete adjusted histories; no revised-macro, earnings-event, or missing-span dependence"
"TrendPlusVolTarget(basket=megacap_ai,fallback=IEF,hysteresis=0.02,min_exposure=0.2,rebalance=W-FRI,target_vol=0.2,trend_window=150,vol_window=63)",riskmanaged,2.127,1.17,0.53,0.2308,0.1298,-0.306,0.75,1.0,5.69,0.2,0.88,0.64,False,1.1320581813003545,False,rejected,A,"complete adjusted histories; no revised-macro, earnings-event, or missing-span dependence"
BuyAndHold(ticker=AAPL),benchmark,2.093,0.85,0.61,0.3247,0.1934,-0.818,0.4,1.0,0.04,1.0,0.62,0.24,False,0.8505167443569882,False,benchmark,A,"complete adjusted histories; no revised-macro, earnings-event, or missing-span dependence"
"TrendPlusVolTarget(basket=megacap_ai,fallback=IEF,hysteresis=0.02,min_exposure=0.2,rebalance=W-FRI,target_vol=0.15,trend_window=150,vol_window=63)",riskmanaged,2.088,1.18,0.51,0.1893,0.1108,-0.277,0.68,1.0,5.15,0.19,0.88,0.67,False,1.1385971489228808,False,rejected,A,"complete adjusted histories; no revised-macro, earnings-event, or missing-span dependence"
BuyAndHold(ticker=NRG),benchmark,2.069,0.38,0.8,0.0957,0.3738,-0.794,0.12,0.989,0.04,1.0,0.75,0.0,False,0.3784324332428116,False,benchmark,A,"complete adjusted histories; no revised-macro, earnings-event, or missing-span dependence"
"BreadthGatedBasket(basket=megacap_ai,breadth_window=200,fallback=IEF,min_exposure=0.0,rebalance=W-FRI,smooth_days=21,threshold=0.4)",factor,1.958,1.0,0.54,0.2775,0.1508,-0.437,0.63,1.0,4.95,0.2,0.62,0.46,False,0.9798029621550303,False,rejected,B,"unrecognized family 'factor' — tier metadata missing, cannot verify Tier A data dependencies"
BuyAndHold(ticker=TSLA),benchmark,1.873,0.63,0.51,0.2185,0.1825,-0.736,0.3,1.0,0.04,1.0,0.88,0.13,False,0.6332643657509595,False,benchmark,A,"complete adjusted histories; no revised-macro, earnings-event, or missing-span dependence"
"VolCompressionBreakout(entry_window=40,exit_window=20,max_positions=6,squeeze_pct=0.2)",breakout,1.842,0.16,0.99,0.0259,0.4676,-0.864,0.03,0.883,124.68,0.14,0.62,0.0,False,-0.31344615318834934,False,rejected,B,cross-sectional selection over a universe missing delisted names (current-constituent bias)
"QQQMovingAverage(fallback=IEF,window=200)",benchmark,1.806,0.4,0.76,0.0777,0.1756,-0.439,0.18,0.995,12.79,0.93,0.75,0.0,False,0.31573503739719155,False,benchmark,A,"complete adjusted histories; no revised-macro, earnings-event, or missing-span dependence"
BuyAndHold(ticker=IWM),benchmark,1.789,0.35,0.58,0.0781,0.1565,-0.591,0.13,0.988,0.04,1.0,0.62,0.0,False,0.3529491506069006,False,benchmark,A,"complete adjusted histories; no revised-macro, earnings-event, or missing-span dependence"
BuyAndHold(ticker=TXN),benchmark,1.734,0.46,0.56,0.1306,0.2082,-0.858,0.15,0.996,0.04,1.0,0.62,0.0,False,0.4562111750913712,False,benchmark,A,"complete adjusted histories; no revised-macro, earnings-event, or missing-span dependence"
"DonchianBreakout(entry_window=100,exit_window=20,max_positions=6,regime_filter=True)",breakout,1.701,-0.04,1.18,-0.0181,0.5362,-0.817,-0.02,0.586,159.24,0.13,0.62,0.0,False,-0.7308290950262621,False,rejected,B,cross-sectional selection over a universe missing delisted names (current-constituent bias)
BuyAndHold(ticker=SNOW),benchmark,1.698,0.01,0.89,-0.0049,0.5094,-0.718,-0.01,0.693,0.04,1.0,0.88,0.0,False,0.010833558867790555,False,benchmark,A,"complete adjusted histories; no revised-macro, earnings-event, or missing-span dependence"
BuyAndHold(ticker=IBM),benchmark,1.64,0.33,0.37,0.0766,0.1125,-0.594,0.13,0.982,0.04,1.0,0.88,0.0,False,0.3323304806448051,False,benchmark,A,"complete adjusted histories; no revised-macro, earnings-event, or missing-span dependence"
BuyAndHold(ticker=ARKK),benchmark,1.582,0.23,0.66,0.0493,0.259,-0.81,0.06,0.953,0.04,1.0,0.75,0.0,False,0.23471279718011337,False,benchmark,A,"complete adjusted histories; no revised-macro, earnings-event, or missing-span dependence"
BuyAndHold(ticker=OKTA),benchmark,1.501,0.3,0.58,0.0687,0.2368,-0.846,0.08,0.974,0.04,1.0,0.75,0.0,False,0.3045406775594205,False,benchmark,A,"complete adjusted histories; no revised-macro, earnings-event, or missing-span dependence"
BuyAndHold(ticker=TWTR),benchmark,1.466,0.17,0.62,0.0241,0.0434,-0.809,0.03,0.886,0.07,1.0,0.88,0.0,False,0.16807388006075985,False,benchmark,A,"complete adjusted histories; no revised-macro, earnings-event, or missing-span dependence"
"ValuationAwareGrowth(history_days=756,max_ps_own_pct=0.85,rebalance=QE,top_n=8)",fundamental,1.393,0.06,0.43,0.0207,0.1345,-0.67,0.03,0.875,0.7,0.52,0.88,0.0,False,0.05659572873041232,False,rejected,B,fundamental data quality not yet independently audited
BuyAndHold(ticker=CDNS),benchmark,1.362,0.38,0.46,0.091,0.1592,-0.931,0.1,0.984,0.04,1.0,0.62,0.0,False,0.3753490802092632,False,benchmark,A,"complete adjusted histories; no revised-macro, earnings-event, or missing-span dependence"
BuyAndHold(ticker=NFLX),benchmark,1.297,0.69,0.25,0.2741,0.0733,-0.82,0.33,1.0,0.04,1.0,0.88,0.44,False,0.6926190309152289,False,benchmark,A,"complete adjusted histories; no revised-macro, earnings-event, or missing-span dependence"
BuyAndHold(ticker=META),benchmark,1.246,0.47,0.33,0.1167,0.1,-0.767,0.15,0.997,0.04,1.0,0.88,0.14,False,0.46584361414463304,False,benchmark,A,"complete adjusted histories; no revised-macro, earnings-event, or missing-span dependence"
"VolCompressionBreakout(entry_window=40,exit_window=20,max_positions=6,squeeze_pct=0.3)",breakout,1.167,0.08,0.76,0.0018,0.2951,-0.872,0.0,0.781,145.23,0.17,0.62,0.0,False,-0.4478778028290604,False,rejected,B,cross-sectional selection over a universe missing delisted names (current-constituent bias)
BuyAndHold(ticker=BOTZ),benchmark,1.138,0.23,0.3,0.0435,0.0915,-0.555,0.08,0.973,0.04,1.0,0.88,0.0,False,0.22766105183933236,False,benchmark,A,"complete adjusted histories; no revised-macro, earnings-event, or missing-span dependence"
BuyAndHold(ticker=IGV),benchmark,0.882,0.39,0.21,0.0907,0.0647,-0.631,0.14,0.993,0.04,1.0,0.62,0.18,False,0.39249655250371923,False,benchmark,A,"complete adjusted histories; no revised-macro, earnings-event, or missing-span dependence"
BuyAndHold(ticker=MSFT),benchmark,0.796,0.54,0.18,0.1507,0.0565,-0.695,0.22,0.999,0.04,1.0,0.62,0.36,False,0.5413606971366407,False,benchmark,A,"complete adjusted histories; no revised-macro, earnings-event, or missing-span dependence"
BuyAndHold(ticker=ORCL),benchmark,0.743,0.5,0.17,0.1524,-0.0107,-0.842,0.18,0.998,0.04,1.0,0.62,0.33,False,0.5012019232975478,False,benchmark,A,"complete adjusted histories; no revised-macro, earnings-event, or missing-span dependence"
BuyAndHold(ticker=NXPI),benchmark,0.64,0.5,0.09,0.1351,-0.0284,-0.6,0.23,0.998,0.04,1.0,0.88,0.41,False,0.4985925772988652,False,benchmark,A,"complete adjusted histories; no revised-macro, earnings-event, or missing-span dependence"
BuyAndHold(ticker=JNPR),benchmark,0.553,0.3,0.19,0.0442,0.0594,-0.982,0.05,0.961,0.07,1.0,0.62,0.11,False,0.2976004087016578,False,benchmark,A,"complete adjusted histories; no revised-macro, earnings-event, or missing-span dependence"
BuyAndHold(ticker=UBER),benchmark,0.547,0.18,0.22,0.0353,0.0561,-0.681,0.05,0.916,0.04,1.0,0.62,0.0,False,0.17564100434122018,False,benchmark,A,"complete adjusted histories; no revised-macro, earnings-event, or missing-span dependence"
BuyAndHold(ticker=SMCI),benchmark,0.536,0.57,0.06,0.1913,-0.3473,-0.717,0.27,0.999,0.04,1.0,0.88,0.5,False,0.5658036872040553,False,benchmark,A,"complete adjusted histories; no revised-macro, earnings-event, or missing-span dependence"
BuyAndHold(ticker=CTXS),benchmark,0.486,0.39,0.2,0.0971,0.0434,-0.958,0.1,0.987,0.07,1.0,0.62,0.19,False,0.392910551798664,False,benchmark,A,"complete adjusted histories; no revised-macro, earnings-event, or missing-span dependence"
BuyAndHold(ticker=QCOM),benchmark,0.472,0.54,0.05,0.1788,-0.0394,-0.868,0.21,0.999,0.04,1.0,0.75,0.49,False,0.5417081858205088,False,benchmark,A,"complete adjusted histories; no revised-macro, earnings-event, or missing-span dependence"
BuyAndHold(ticker=ZS),benchmark,0.389,0.35,0.05,0.0838,-0.0752,-0.764,0.11,0.986,0.04,1.0,0.88,0.3,False,0.3488709865833375,False,benchmark,A,"complete adjusted histories; no revised-macro, earnings-event, or missing-span dependence"
BuyAndHold(ticker=YHOO),benchmark,0.312,0.41,0.1,0.1076,0.0434,-0.966,0.11,0.991,0.07,1.0,0.75,0.3,False,0.4055339330336176,False,benchmark,A,"complete adjusted histories; no revised-macro, earnings-event, or missing-span dependence"
"DonchianBreakout(entry_window=55,exit_window=20,max_positions=6,regime_filter=True)",breakout,0.217,-0.21,0.81,-0.056,0.3211,-0.917,-0.06,0.26,176.47,0.18,0.5,0.0,False,-0.9745552204468982,False,rejected,B,cross-sectional selection over a universe missing delisted names (current-constituent bias)
BuyAndHold(ticker=SNPS),benchmark,0.086,0.48,-0.12,0.1365,-0.1403,-0.61,0.22,0.997,0.04,1.0,0.75,0.6,False,0.47814652645742106,False,benchmark,A,"complete adjusted histories; no revised-macro, earnings-event, or missing-span dependence"
BuyAndHold(ticker=PALM),benchmark,-0.187,0.1,-0.09,0.0037,0.0434,-0.85,0.0,0.805,0.07,1.0,1.0,0.19,False,0.09772489754636816,False,benchmark,A,"complete adjusted histories; no revised-macro, earnings-event, or missing-span dependence"
"ValuationAwareGrowth(history_days=756,max_ps_own_pct=0.7,rebalance=QE,top_n=8)",fundamental,-0.23,0.02,-0.01,0.0123,-0.002,-0.729,0.02,0.787,0.61,1.07,0.88,0.03,False,0.013062884308428072,False,rejected,B,fundamental data quality not yet independently audited
BuyAndHold(ticker=NOW),benchmark,-0.242,0.59,-0.24,0.1565,-0.1657,-0.513,0.31,1.0,0.04,1.0,0.88,0.83,False,0.589905671621986,False,benchmark,A,"complete adjusted histories; no revised-macro, earnings-event, or missing-span dependence"
BuyAndHold(ticker=ISRG),benchmark,-0.38,0.63,-0.25,0.2291,-0.0964,-0.823,0.28,1.0,0.04,1.0,0.75,0.88,False,0.6275453595086575,False,benchmark,A,"complete adjusted histories; no revised-macro, earnings-event, or missing-span dependence"
BuyAndHold(ticker=WDAY),benchmark,-0.518,0.33,-0.28,0.0752,-0.1587,-0.577,0.13,0.983,0.04,1.0,0.88,0.61,False,0.3300854168768078,False,benchmark,A,"complete adjusted histories; no revised-macro, earnings-event, or missing-span dependence"
BuyAndHold(ticker=SPLK),benchmark,-0.778,0.32,-0.3,0.0742,0.0434,-0.696,0.11,0.977,0.07,1.0,0.75,0.62,False,0.31943859212430453,False,benchmark,A,"complete adjusted histories; no revised-macro, earnings-event, or missing-span dependence"
BuyAndHold(ticker=CRM),benchmark,-0.893,0.57,-0.37,0.1757,-0.1493,-0.705,0.25,0.999,0.04,1.0,0.75,0.94,False,0.5685720158155972,False,benchmark,A,"complete adjusted histories; no revised-macro, earnings-event, or missing-span dependence"
BuyAndHold(ticker=SGI),benchmark,-1.071,0.04,-0.3,-0.008,0.0434,-0.893,-0.01,0.721,0.07,1.0,0.88,0.34,False,0.03915721325716854,False,benchmark,A,"complete adjusted histories; no revised-macro, earnings-event, or missing-span dependence"
"DonchianBreakout(entry_window=20,exit_window=20,max_positions=6,regime_filter=True)",breakout,-1.072,-0.38,0.34,-0.0965,0.1039,-0.969,-0.1,0.061,213.24,0.14,0.5,0.0,False,-1.2855885221570889,False,rejected,B,cross-sectional selection over a universe missing delisted names (current-constituent bias)
"RSIReversion(entry=10,exit=60,max_positions=5,rsi_window=2,trend_window=200)",meanrev,-1.17,0.57,-0.09,0.1643,-0.0661,-0.685,0.24,0.999,278.6,0.09,0.75,0.66,False,-0.3575138226988662,True,rejected,B,cross-sectional selection over a universe missing delisted names (current-constituent bias)
"RSIReversion(entry=5,exit=60,max_positions=5,rsi_window=2,trend_window=200)",meanrev,-1.223,0.58,-0.11,0.1663,-0.0739,-0.705,0.24,1.0,275.63,0.1,0.75,0.68,False,-0.3528552259188505,True,rejected,B,cross-sectional selection over a universe missing delisted names (current-constituent bias)
BuyAndHold(ticker=INTU),benchmark,-1.699,0.57,-0.74,0.1915,-0.2887,-0.725,0.26,0.999,0.04,1.0,0.88,1.31,False,0.5736984673824794,False,benchmark,A,"complete adjusted histories; no revised-macro, earnings-event, or missing-span dependence"
BuyAndHold(ticker=VMW),benchmark,-1.787,0.29,-0.64,0.0617,0.0434,-0.857,0.07,0.963,0.07,1.0,0.88,0.93,False,0.28715087755605506,False,benchmark,A,"complete adjusted histories; no revised-macro, earnings-event, or missing-span dependence"
BuyAndHold(ticker=XLNX),benchmark,-2.037,0.47,-0.67,0.1386,0.0434,-0.86,0.16,0.996,0.07,1.0,0.62,1.14,False,0.4674616741679166,False,benchmark,A,"complete adjusted histories; no revised-macro, earnings-event, or missing-span dependence"
BuyAndHold(ticker=BRCM),benchmark,-2.493,-0.17,-1.09,0.019,0.0434,-0.078,0.24,1.0,0.07,1.0,1.0,0.92,False,-0.18234108541992006,False,benchmark,A,"complete adjusted histories; no revised-macro, earnings-event, or missing-span dependence"
BuyAndHold(ticker=TTD),benchmark,-2.689,0.5,-0.98,0.1522,-0.5522,-0.643,0.24,0.999,0.04,1.0,0.75,1.48,False,0.5023628255391916,False,benchmark,A,"complete adjusted histories; no revised-macro, earnings-event, or missing-span dependence"
BuyAndHold(ticker=ADBE),benchmark,-2.733,0.58,-0.99,0.193,-0.3184,-0.799,0.24,0.999,0.04,1.0,0.62,1.57,False,0.5774762595044571,False,benchmark,A,"complete adjusted histories; no revised-macro, earnings-event, or missing-span dependence"
BuyAndHold(ticker=JDSU),benchmark,-4.563,0.16,-1.44,-0.0417,0.0434,-0.998,-0.04,0.846,0.07,1.0,0.75,1.61,False,0.1598851619710291,False,benchmark,A,"complete adjusted histories; no revised-macro, earnings-event, or missing-span dependence"
